repo,stargazers,watchers,forks,topics,issues,commits,unique labels,content files
Qiskit/qiskit,2802,2802,758,"['qiskit', 'quantum-computing', 'quantum-programming-language', 'documentation']",117,936,"['automerge', 'copyedit', 'Discussion', 'Localization', 'on hold', 'theme', 'Tutorials', 'type: enhancement', 'type: feature request', 'WIP']","['.github', '.gitignore', '.mailmap', '.mergify.yml', '.pylintrc', 'AUTHORS', 'CODE_OF_CONDUCT.md', 'CONTRIBUTING.md', 'LICENSE.txt', 'Qiskit.bib', 'README.md', 'asv.conf.json', 'constraints.txt', 'docs', 'images', 'requirements-dev.txt', 'setup.py', 'test', 'tools', 'tox.ini']"
Qiskit/qiskit-terra,3448,3448,1815,"['quantum-computing', 'qiskit', 'sdk', 'quantum-programming-language', 'quantum-circuit', 'quantum', 'python', 'hacktoberfest']",976,6713,"['API', 'automerge', 'benchmarks failing', 'Changelog: API Change', 'Changelog: Bugfix', 'Changelog: Deprecation', 'Changelog: New Feature', 'Changelog: None', 'Changelog: Removal', 'circuit-builder', 'Community PR', 'conflicts', 'dependencies', 'Epic', 'global-phase', 'Intern PR', 'ISA', 'main failing', 'mod: algorithms', 'mod: circuit drawer', 'mod: fake_provider', 'mod: opflow', 'mod: primitives', 'mod: pulse', 'mod: qpy', 'mod: quantum info', 'mod: transpiler', 'mod: visualization', 'NTC', 'on hold', 'optional-registers', 'performance', 'priority: high', 'priority: low', 'priority: medium', 'QAMP', 'qasm', 'randomized test', 'refactor', 'Rust', 'short project', 'stable backport potential', 'stable-backport', 'status: duplicate', 'status: needs information', 'status: pending PR', 'synthesis', 'type: discussion', 'type: enhancement', 'type: epic', 'type: feature request', 'type: qa', 'type: specs', 'unitaryhack-accepted', 'unitaryhack-bounty', 'wont fix']","['.azure', '.binder', '.cargo', '.editorconfig', '.git-blame-ignore-revs', '.github', '.gitignore', '.local-spellings', '.mailmap', '.mergify.yml', '.pylintrc', '.stestr.conf', 'CODE_OF_CONDUCT.md', 'CONTRIBUTING.md', 'Cargo.lock', 'Cargo.toml', 'LICENSE.txt', 'MANIFEST.in', 'Makefile', 'README.md', 'azure-pipelines.yml', 'constraints.txt', 'docs', 'examples', 'pyproject.toml', 'qiskit', 'qiskit_bot.yaml', 'releasenotes', 'requirements-dev.txt', 'requirements.txt', 'setup.py', 'src', 'test', 'tools', 'tox.ini']"
Qiskit/qiskit-tutorials,2032,2032,1212,"['quantum-computing', 'tutorial', 'quantum-programming-language', 'qiskit']",136,2051,"['automerge', 'deprecation', 'draft', 'on hold']","['.github', '.gitignore', '.mergify.yml', 'CODE_OF_CONDUCT.md', 'CONTRIBUTING.md', 'INSTALL.md', 'LICENSE', 'Makefile', 'README.md', '_static', '_templates', 'azure-pipelines.yml', 'conf.py', 'constraints.txt', 'environment.yml', 'images', 'index.rst', 'requirements-dev.txt', 'start_here.ipynb', 'tutorials']"
qiskit-community/qiskit-textbook,777,777,688,"['qiskit', 'quantum-computing', 'quantum-programming', 'quantum-mechanics', 'learn-to-code', 'qiskit-textbook']",113,3264,"['code bug', 'community-candidate-for-merging', 'content bug', 'debating', 'dependencies', 'ja', 'Long-Term Enhancement', 'Needs Investigating', 'New Content Suggestion', 'python', 'qiskit changes', 'ruby', 'sprint 2019/01/07', 'sprint 2019/09/23', 'textbook 2.0', 'translation', 'UI', 'UI Enhancement', 'v1-communityfb', 'waiting on CLA']","['.github', '.gitignore', '.ipython', '.qiskit', 'CODE_OF_CONDUCT.md', 'CONTRIBUTING.md', 'Gemfile', 'Gemfile.lock', 'Guardfile', 'LICENSE.txt', 'Makefile', 'README.md', '_config.yml', '_data', '_includes', '_layouts', '_sass', 'assets', 'build.sh', 'content', 'deploy.sh', 'environment.yml', 'i18n', 'qiskit-textbook-src', 'rclone.conf.enc', 'requirements-dev.txt', 'requirements.txt', 'runtime.txt', 'scripts']"
Qiskit/qiskit-machine-learning,352,352,227,['qiskit'],36,519,"['automerge', 'Changelog: API Change', 'Changelog: Bugfix', 'Changelog: Deprecation', 'Changelog: New Feature', 'Changelog: Removal', 'Community PR', 'conflicts', 'Epic', 'on hold', 'Performance', 'priority: critical', 'priority: high', 'priority: low', 'priority: medium', 'QAMP', 'run_slow', 'short project', 'stable backport potential', ""status: can't reproduce"", 'status: confirmed', 'status: need information', 'status: wont do/fix', 'type: bug', 'type: ci', 'type: design', 'type: discussion', 'type: documentation', 'type: enhancement', 'type: epic', 'type: feature request', 'type: qa', 'type: question']","['.editorconfig', '.git-blame-ignore-revs', '.github', '.gitignore', '.mailmap', '.mergify.yml', '.pylintdict', '.pylintrc', '.stestr.conf', 'CODE_OF_CONDUCT.md', 'CONTRIBUTING.md', 'LICENSE.txt', 'MANIFEST.in', 'Makefile', 'README.md', 'constraints.txt', 'docs', 'mypy.ini', 'pyproject.toml', 'qiskit_machine_learning', 'releasenotes', 'requirements-dev.txt', 'requirements.txt', 'setup.py', 'test', 'tools', 'tox.ini']"
qiskit-community/qiskit-community-tutorials,486,486,419,[],43,421,[],"['.github', '.gitignore', 'Coding_With_Qiskit', 'Cryptography', 'LICENSE', 'README.md', 'aer', 'algorithms', 'aqua', 'awards', 'chemistry', 'creative', 'environment.yml', 'exercises', 'finance', 'games', 'hello_world', 'ignis', 'index.ipynb', 'index.md', 'indexer.py', 'machine_learning', 'optimization', 'qiskit_advocates', 'terra', 'video-companions']"
Qiskit/qiskit-aer,317,317,283,"['gpu', 'qiskit', 'quantum-computing', 'simulator']",52,1354,"['automerge', 'build system', 'Changelog: API Change', 'Changelog: Bugfix', 'Changelog: Deprecation', 'Changelog: New Feature', 'Changelog: None', 'Changelog: Removal', 'Linux_x86_64', 'MacOS', 'on hold', 'performance', 'PulseSimulator', 'QasmSimulator', 'stable-backport-potential', 'Windows_x64']","['.clang-tidy', '.github', '.gitignore', '.mailmap', '.mergify.yml', '.pylintrc', '.stestr.conf', 'BENCHMARKING.md', 'CMakeLists.txt', 'CODE_OF_CONDUCT.md', 'CONTRIBUTING.md', 'LICENSE.txt', 'MANIFEST.in', 'README.md', 'cmake', 'constraints.txt', 'contrib', 'docs', 'pyproject.toml', 'qiskit_aer', 'releasenotes', 'requirements-dev.txt', 'setup.py', 'src', 'test', 'tools', 'tox.ini']"
Qiskit/qiskit-nature,179,179,159,['qiskit'],63,978,"['automerge', 'Changelog: API Change', 'Changelog: Bugfix', 'Changelog: Deprecation', 'Changelog: New Feature', 'Changelog: Removal', 'Community PR', 'conflicts', 'Epic', 'mod: runtime', 'on hold', 'Performance', 'priority: critical', 'priority: high', 'priority: low', 'priority: medium', 'QAMP', 'run_slow', 'short project', 'stable backport potential', ""status: can't reproduce"", 'status: confirmed', 'status: need information', 'status: wont do/fix', 'type: bug', 'type: ci', 'type: design', 'type: discussion', 'type: documentation', 'type: enhancement', 'type: epic', 'type: feature request', 'type: qa', 'type: question', 'unitaryhack-bounty']","['.editorconfig', '.git-blame-ignore-revs', '.github', '.gitignore', '.mailmap', '.mergify.yml', '.pylintdict', '.pylintrc', '.stestr.conf', 'CODE_OF_CONDUCT.md', 'CONTRIBUTING.md', 'LICENSE.txt', 'MANIFEST.in', 'Makefile', 'README.md', 'constraints.txt', 'docs', 'mypy.ini', 'pyproject.toml', 'qiskit_nature', 'releasenotes', 'requirements-dev.txt', 'requirements.txt', 'setup.py', 'test', 'tools', 'tox.ini']"
Qiskit/qiskit-experiments,93,93,101,['qiskit'],136,477,"['backport stable potential', 'blocked', 'Changelog: API Change', 'Changelog: Bugfix', 'Changelog: Deprecation', 'Changelog: New Feature', 'Changelog: None', 'Changelog: Removal', 'Epic', 'needs review', 'on hold']","['.github', '.gitignore', '.pylintrc', '.stestr.conf', 'CODE_OF_CONDUCT.md', 'CONTRIBUTING.md', 'LICENSE.txt', 'MANIFEST.in', 'README.md', 'docs', 'pyproject.toml', 'qiskit_experiments', 'releasenotes', 'requirements-dev.txt', 'requirements.txt', 'setup.py', 'test', 'tools', 'tox.ini']"
Qiskit/qiskit-metal,205,205,142,"['quantum', 'device', 'hamiltonian', 'quantum-computing', 'superconducting', 'qubits', 'eda', 'gds', 'simulation-modeling']",175,2853,"['analysis: others', 'analysis: quantum', 'analysis: simulation', 'analysis: sweeper', 'analysis: visualization', 'do NOT merge', 'documentation & tutorials', 'general', 'important', 'MVP', 'needs help', 'open for contributions', 'renderers: Ansys', 'renderers: Gmsh', 'renderers: GUI', 'renderers: layout', 'renderers: matplotlib', 'renderers: other', 'routing & transmission lines', 'Will not do']","['.github', '.gitignore', '.mailmap', '.pylintrc', '.style.yapf', 'CODE_OF_CONDUCT.md', 'CONTRIBUTING.md', 'LICENSE.txt', 'Qiskit_Metal.bib', 'README.md', 'README_ARCH.md', 'README_STYLE.md', 'README_Tutorials.md', 'README_developers.md', 'contributor_guidelines', 'docs', 'environment.yml', 'hook_setup.sh', 'hooks', 'qiskit_metal', 'rclone.conf.enc', 'requirements-dev.txt', 'requirements.txt', 'setup.py', 'tools', 'tox.ini', 'tutorials']"
Qiskit/qiskit-optimization,135,135,98,['qiskit'],35,409,"['automerge', 'Changelog: API Change', 'Changelog: Bugfix', 'Changelog: Deprecation', 'Changelog: New feature', 'Changelog: Removal', 'Commmunity PR', 'conflicts', 'Epic', 'on hold', 'Performance', 'priority: critical', 'priority: high', 'priority: low', 'priority: medium', 'QAMP', 'run_slow', 'short project', 'stable backport potential', ""status: can't reproduce"", 'status: confirmed', 'status: duplicate', 'status: need information', 'status: wont do/fix', 'type: bug', 'type: ci', 'type: design', 'type: discussion', 'type: documentation', 'type: enhancement', 'type: epic', 'type: feature request', 'type: qa', 'type: question']","['.editorconfig', '.git-blame-ignore-revs', '.github', '.gitignore', '.mailmap', '.mergify.yml', '.pylintdict', '.pylintrc', '.stestr.conf', 'CODE_OF_CONDUCT.md', 'CONTRIBUTING.md', 'LICENSE.txt', 'MANIFEST.in', 'Makefile', 'README.md', 'constraints.txt', 'docs', 'mypy.ini', 'pyproject.toml', 'qiskit_optimization', 'releasenotes', 'requirements-dev.txt', 'requirements.txt', 'setup.py', 'test', 'tools', 'tox.ini']"
Qiskit/platypus,50,50,158,"['quantum-computing', 'learn-to-code', 'qiskit', 'qiskit-textbook', 'quantum-mechanics', 'quantum-programming']",196,3365,"['accessibility', 'analytics', 'code quality', 'content', 'decoration', 'dependencies pr', 'design', 'devops', 'feature', 'javascript', 'localization', 'motion & animation', 'needs information', 'ON HOLD', 'organization', 'story', 'testing', 'user testing']","['.browserslistrc', '.editorconfig', '.eslintrc.js', '.gcloudignore', '.gitattributes', '.github', '.gitignore', '.qiskit', '.vale.ini', 'CODE_OF_CONDUCT.md', 'CONTRIBUTING.md', 'Dockerfile', 'LICENSE', 'LOCALIZATION_CONTRIBUTORS', 'README.md', 'TRANSLATING.md', 'app.yaml', 'config.yaml', 'converter', 'cypress.json', 'cypress', 'docs', 'frontend', 'notebooks', 'package-lock.json', 'package.json', 'patches', 'renovate.json', 'scripts', 'server', 'translations']"
Qiskit/qiskit-ibmq-provider,209,209,151,[],7,713,"['API action', 'api2', 'backport potential', 'Changelog: API Change', 'Changelog: Bugfix', 'Changelog: Deprecation', 'Changelog: New Feature', 'Changelog: Removal', 'ibmq', 'on hold', 'priority: high', 'priority: low', 'priority: medium', 'status: needs information', 'type: bug', 'type: discussion', 'type: documentation', 'type: enhancement', 'type: feature request', 'type: QA', 'type: question']","['.github', '.gitignore', '.mailmap', '.pylintrc', 'CODE_OF_CONDUCT.md', 'CONTRIBUTING.md', 'LICENSE.txt', 'MANIFEST.in', 'Makefile', 'README.md', 'constraints.txt', 'docs', 'qiskit', 'releasenotes', 'requirements-dev.txt', 'requirements.txt', 'setup.cfg', 'setup.py', 'test', 'tools', 'tox.ini']"
Qiskit/qiskit.org,84,84,92,['quantum-computing'],200,2895,"['accessibility', 'analytics', 'code quality', 'content', 'decoration', 'dependencies pr', 'design', 'devops', 'feature', 'needs information', 'ON HOLD', 'organization', 'story', 'testing', 'user testing']","['.editorconfig', '.eslintignore', '.eslintrc.js', '.github', '.gitignore', 'ARCHITECTURE.md', 'CODE_OF_CONDUCT.md', 'CONTRIBUTING.md', 'Dockerfile', 'LICENSE.txt', 'README.md', 'app', 'assets', 'components', 'constants', 'content', 'deploy', 'hooks', 'jest.config.js', 'jest.setup.js', 'layouts', 'mixins', 'nuxt.config.ts', 'package-lock.json', 'package.json', 'pages', 'plugins', 'static', 'store', 'stylelint.config.js', 'tests', 'tsconfig.json', 'types']"
Qiskit/qiskit-finance,132,132,98,[],3,247,"['automerge', 'Changelog: API Change', 'Changelog: Bugfix', 'Changelog: Deprecation', 'Changelog: New Feature', 'Changelog: Removal', 'Community PR', 'conflicts', 'on hold', 'Performance', 'priority: critical', 'priority: high', 'priority: low', 'priority: medium', 'QAMP', 'run_slow', 'short project', 'stable backport potential', ""status: can't reproduce"", 'status: confirmed', 'status: duplicate', 'status: need information', 'status: wont do/fix', 'type: bug', 'type: ci', 'type: design', 'type: discussion', 'type: documentation', 'type: enhancement', 'type: epic', 'type: feature request', 'type: qa', 'type: question']","['.editorconfig', '.git-blame-ignore-revs', '.github', '.gitignore', '.mailmap', '.mergify.yml', '.pylintdict', '.pylintrc', '.stestr.conf', 'CODE_OF_CONDUCT.md', 'CONTRIBUTING.md', 'LICENSE.txt', 'MANIFEST.in', 'Makefile', 'README.md', 'constraints.txt', 'docs', 'mypy.ini', 'pyproject.toml', 'qiskit_finance', 'releasenotes', 'requirements-dev.txt', 'requirements.txt', 'setup.py', 'test', 'tools', 'tox.ini']"
Qiskit/qiskit-ibm-runtime,48,48,73,['qiskit'],65,1020,"['api action', 'backport potential', 'Changelog: API Change', 'Changelog: Bugfix', 'Changelog: Deprecation', 'Changelog: New Feature', 'Changelog: Removal', 'discovery needed', 'Epic', 'mod: primitives', 'not a bug', 'on hold', 'priority: high', 'priority: low', 'priority: medium', 'server action', 'technical debt', 'type: feature request']","['.github', '.gitignore', '.mailmap', '.pylintrc', 'CODE_OF_CONDUCT.md', 'CONTRIBUTING.md', 'LICENSE.txt', 'MANIFEST.in', 'Makefile', 'README.md', 'constraints.txt', 'docs', 'program_source', 'qiskit_ibm_runtime', 'releasenotes', 'requirements-dev.txt', 'requirements.txt', 'setup.cfg', 'setup.py', 'test', 'tools', 'tox.ini']"
openqasm/openqasm,908,908,283,"['quantum-computing', 'quantum-information', 'qiskit', 'ibmqx']",62,995,"['live doc', 'mod: tools', 'on hold', 'paper', 'TSC', 'under discussion', 'WG: openpulse', 'WG: pragmas', 'WG: types-and-casting']","['.github', '.gitignore', '.pylintrc', 'CODE_OF_CONDUCT.md', 'CONTRIBUTING.md', 'LICENSE', 'Makefile', 'README.md', 'WG.md', 'convert2pdf.py', 'convert2svg.py', 'examples', 'governance.md', 'make.bat', 'releasenotes', 'requirements.txt', 'source']"
PennyLaneAI/pennylane-qiskit,108,108,41,[],16,387,"['dependencies', 'merge-ready', 'review-ready', 'WIP']","['.coveragerc', '.github', '.gitignore', '.pylintrc', '.readthedocs.yml', 'CHANGELOG.md', 'LICENSE', 'MANIFEST.in', 'Makefile', 'README.rst', 'doc', 'pennylane_qiskit', 'requirements-ci.txt', 'requirements.txt', 'setup.py', 'tests']"
Qiskit/qiskit-dynamics,51,51,44,[],18,138,"['Changelog: API Change', 'Changelog: Bugfix', 'Changelog: Deprecation', 'Changelog: New Feature', 'Changelog: None', 'Changelog: Removal', 'stable backport potential']","['.gitattributes', '.github', '.gitignore', '.pylintrc', '.stestr.conf', 'CITATION.bib', 'CODE_OF_CONDUCT.md', 'CONTRIBUTING.md', 'LICENSE.txt', 'MANIFEST.in', 'README.md', 'constraints.txt', 'docs', 'pyproject.toml', 'qiskit_dynamics', 'releasenotes', 'requirements-dev.txt', 'setup.py', 'test', 'tools', 'tox.ini']"
Qiskit/qiskit-ibm-provider,30,30,27,['qiskit'],47,823,"['API action', 'api2', 'backport potential', 'blocked', 'Changelog: API Change', 'Changelog: Bugfix', 'Changelog: Deprecation', 'Changelog: New Feature', 'Changelog: Removal', ""Design PR - Don't Merge"", 'Epic', 'high priority', 'ibmq', 'low priority', 'on hold', 'priority: high', 'priority: low', 'priority: medium', 'project: experiments', 'project: runtime', 'spam', 'status: needs information', 'type: bug', 'type: discussion', 'type: documentation', 'type: enhancement', 'type: feature request', 'type: QA']","['.github', '.gitignore', '.mailmap', '.pylintrc', 'CODE_OF_CONDUCT.md', 'CONTRIBUTING.md', 'LICENSE.txt', 'MANIFEST.in', 'Makefile', 'README.md', 'constraints.txt', 'docs', 'qiskit_ibm_provider', 'releasenotes', 'requirements-dev.txt', 'requirements.txt', 'setup.cfg', 'setup.py', 'test', 'tools', 'tox.ini']"
qiskit-research/qiskit-research,37,37,27,[],8,468,[],"['.github', '.gitignore', '.pylintrc', 'CODE_OF_CONDUCT.md', 'CONTRIBUTING.md', 'LICENSE.txt', 'Pipfile', 'Pipfile.lock', 'README.md', 'check', 'docs', 'mypy.ini', 'pyproject.toml', 'qiskit_research', 'test', 'tox.ini']"
Qiskit/rfcs,16,16,30,['qiskit'],6,16,"['Aer', 'Aqua', 'IBMQ', 'Ignis', 'Postponed', 'Terra']","['####-rfc-generalized-unroller-and-equivalence-library.md', '.gitignore', '0000-template.md', '0001-ansatz-rfc', '0002-Aqua_0.7_release_priorities_and_plan.md', '0003-Aqua_0.7_operator_redesign.ipynb', '0004-error-mitigation.md', '0012-unify-pulse-commands-and-instructions.md', 'Aqua Circuit Interoperability Proposal.ipynb', 'CODE_OF_CONDUCT.md', 'LICENSE', 'README.md', 'text']"
Qiskit/qiskit-app-benchmarks,23,23,21,[],7,54,"['Community PR', 'Epic', 'on hold', 'Performance', 'priority: critical', 'priority: high', 'priority: low', 'priority: medium', 'QAMP', 'short project', ""status: can't reproduce"", 'status: confirmed', 'status: duplicate', 'status: need information', 'status: wont do/fix', 'type: bug', 'type: ci', 'type: design', 'type: discussion', 'type: documentation', 'type: enhancement', 'type: epic', 'type: feature request', 'type: qa', 'type: question']","['.editorconfig', '.github', '.gitignore', '.mailmap', '.pylintdict', '.pylintrc', 'CODE_OF_CONDUCT.md', 'CONTRIBUTING.md', 'LICENSE.txt', 'Makefile', 'README.md', 'docs', 'finance', 'machine_learning', 'mypy.ini', 'nature', 'optimization', 'pyproject.toml', 'requirements-dev.txt', 'tools']"
qiskit-community/MicroQiskit,37,37,22,[],8,225,['hackathon'],"['.github', '.gitignore', 'CODE_OF_CONDUCT.md', 'LICENSE', 'README.md', 'docs', 'microqiskit.py', 'versions']"
qiskit-community/qiskit-swift,39,39,13,['quantum'],4,297,[],"['.gitignore', 'CONTRIBUTING.rst', 'LICENSE', 'Package.swift', 'README.rst', 'Sources', 'Tests', 'images', 'qiskit.xcodeproj', 'tutorial']"
Qiskit-Partners/qiskit-aqt-provider,18,18,17,[],0,92,[],"['.github', '.gitignore', '.mailmap', '.pylintrc', '.stestr.conf', 'CODE_OF_CONDUCT.md', 'CONTRIBUTING.md', 'LICENSE.txt', 'MANIFEST.in', 'README.md', 'constraints.txt', 'docs', 'qiskit_aqt_provider', 'requirements-dev.txt', 'setup.py', 'test', 'tools', 'tox.ini']"
qiskit-community/qiskit-braket-provider,23,23,13,"['qiskit', 'quantum-computing', 'amazon-braket']",16,36,['on hold'],"['.github', '.gitignore', '.pylintrc', 'CODE_OF_CONDUCT.md', 'CONTRIBUTING.md', 'LICENSE.txt', 'README.md', 'docs', 'mypy.ini', 'qiskit_braket_provider', 'requirements-dev.txt', 'requirements.txt', 'setup.cfg', 'setup.py', 'tests', 'tox.ini']"
qiskit-community/qiskit-quantinuum-provider,15,15,12,[],1,21,[],"['.github', '.gitignore', '.mailmap', '.pylintrc', '.stestr.conf', 'CODE_OF_CONDUCT.md', 'CONTRIBUTING.md', 'LICENSE.txt', 'MANIFEST.in', 'README.md', 'constraints.txt', 'examples', 'qiskit_quantinuum', 'requirements-dev.txt', 'requirements.txt', 'setup.py', 'test', 'tox.ini']"
Qiskit-Partners/qiskit-ionq,25,25,12,['unitaryhack'],4,296,"['on hold', 'unitaryhack-bounty']","['.github', '.gitignore', '.pylintrc', 'CODE_OF_CONDUCT.md', 'CONTRIBUTING.md', 'LICENSE.txt', 'MANIFEST.in', 'Makefile', 'README.md', 'docs', 'example', 'make.bat', 'pyproject.toml', 'qiskit_ionq', 'requirements-docs.txt', 'requirements-test.txt', 'requirements.txt', 'setup.cfg', 'setup.py', 'test', 'tools', 'tox.ini']"
quantumlib/Cirq,3602,3602,813,"['quantum-circuits', 'nisq', 'quantum-algorithms', 'quantum-computing', 'cirq']",292,3428,"['aqt', 'architecture/ion-trap', 'area/3d-circuits', 'area/async', 'area/batching', 'area/best-practices', 'area/calibration', 'area/channels', 'area/checks', 'area/chemistry', 'area/ci', 'area/circuits', 'area/cirq-web', 'area/cirqbot', 'area/classical', 'area/classical/control', 'area/classical/data', 'area/classical/measurements', 'area/cleancode', 'area/clifford-group', 'area/clifford-optimizer', 'area/clifford-simulator', 'area/code-samples', 'area/codeowners', 'area/colab', 'area/contrib', 'area/contrib/acquaintance', 'area/contrib/graphdevice', 'area/contrib/quimb', 'area/contrib/quirk', 'area/coverage', 'area/debugging', 'area/decompose', 'area/decomposition', 'area/density-matrix-simulator', 'area/dependencies', 'area/dev', 'area/devices', 'area/diagonal-gate', 'area/differentiation', 'area/distance-measures', 'area/docker', 'area/docstrings', 'area/ecosystem', 'area/eigengate', 'area/equals-tester', 'area/examples', 'area/expectation-value', 'area/experiments', 'area/faq', 'area/formatting', 'area/gate-compilation', 'area/gates', 'area/gatesets', 'area/github', 'area/global-phase-operation', 'area/google', 'area/google/calibrations', 'area/google/device', 'area/google/engine', 'area/google/job', 'area/google/optimizers', 'area/google/placement', 'area/google/processor', 'area/google/protos', 'area/hilbert-space', 'area/images', 'area/imports', 'area/install', 'area/interop', 'area/json', 'area/kak-decomposition', 'area/latex', 'area/linalg', 'area/linear-operators', 'area/machine-learning', 'area/measurements', 'area/moments', 'area/mypy', 'area/noise', 'area/noise-models', 'area/notebook-testing', 'area/operators', 'area/optimization', 'area/packages', 'area/parallel-gate-operation', 'area/parameters', 'area/partial-trace', 'area/paulis', 'area/performance', 'area/permutation-gate', 'area/placement', 'area/platforms', 'area/post-selection', 'area/product-states', 'area/projectors', 'area/protocols', 'area/protocols/commutes', 'area/protocols/mixtures', 'area/protocols/num_qubits', 'area/protocols/unitary', 'area/pylint', 'area/python', 'area/qasm', 'area/qcircuit', 'area/qis', 'area/quantum-platforms', 'area/quantum-volume', 'area/qubits', 'area/qudits', 'area/quil', 'area/releases', 'area/result', 'area/routing', 'area/samplers', 'area/serialization', 'area/simulation', 'area/site', 'area/sphinx', 'area/state-prep', 'area/state-vector-simulator', 'area/states', 'area/subcircuits', 'area/svg', 'area/t1-decay', 'area/tags', 'area/tech-debt', 'area/tensor-product', 'area/testing', 'area/tomography', 'area/transformers', 'area/tutorials', 'area/typescript', 'area/variational', 'area/visualization', 'area/workflow', 'area/xeb', 'automerge', 'BREAKING CHANGE', 'cla: no', 'cla: yes', 'complexity/high', 'complexity/low', 'complexity/medium', 'deferred', 'dependencies', 'flake', 'front_of_queue_automerge', 'going_stale', 'good for learning', 'good part time project', 'google-EAP', 'had-to-fight-with-the-linter', 'inactive', 'ionq', 'iqm', 'javascript', 'kind/bug-report', 'kind/deprecation', 'kind/design-issue', 'kind/docs', 'kind/feature-request', 'kind/health', 'kind/question', 'kind/roadmap-item', 'kind/task', 'needs agreed design', 'needs-rfc', 'no QC knowledge needed', 'numpy', 'platform/mac', 'platform/windows', 'pr/blocked', 'pr/lgtm-with-nit', 'pr/needs-rebase', 'priority: high', 'priority/p0', 'priority/p1-urgent', 'priority/p2', 'priority/p3', 'python', 'python3.8', 'python3.9', 'readthedocs', 'Ready for Re-Review', 'rfc-proposed', 'roadmap-candidate', 'size: L', 'size: M', 'size: S', 'size: XL', 'Size: XS', 'skill-level/advanced', 'skill-level/beginner', 'skill-level/expert', 'triage/accepted', 'triage/discuss', 'triage/duplicate', 'triage/needs-feasibility', 'triage/needs-more-evidence', 'triage/needs-reproduction', 'triage/stale', 'triage/wont-fix']","['.dockerignore', '.git-blame-ignore-revs', '.gitattributes', '.github', '.gitignore', '.readthedocs.yml', '.zenodo.json', 'AUTHORS', 'CODE_OF_CONDUCT.md', 'CONTRIBUTING.md', 'Dockerfile', 'LICENSE', 'MANIFEST.in', 'README.rst', 'apt-system-requirements.txt', 'asv.conf.json', 'benchmarks', 'check', 'cirq-aqt', 'cirq-core', 'cirq-google', 'cirq-ionq', 'cirq-pasqal', 'cirq-rigetti', 'cirq-web', 'conftest.py', 'dev_tools', 'docs', 'examples', 'pyproject.toml', 'release.md', 'rtd_docs', 'setup.cfg', 'setup.py']"
quantumlib/ReCirq,224,224,107,"['quantum-computing', 'quantum-algorithms', 'nisq']",33,217,"['chess', 'cirq', 'cla: no', 'cla: yes', 'devops', 'fermi_hubbard', 'ftb/bl', 'hfvqe', 'otoc', 'qaoa', 'qml_lfe', 'qvol', 'time_crystals', 'toric_code', 'xeb']","['.github', '.gitignore', '.zenodo.json', 'CODE_OF_CONDUCT.md', 'CONTRIBUTING.md', 'Dockerfile', 'LICENSE', 'MANIFEST.in', 'README.md', 'dev_tools', 'docs', 'recirq', 'requirements.txt', 'setup.cfg', 'setup.py']"
quantumlib/Stim,140,140,46,[],35,430,[],"['.bazelrc', '.clang-format', '.github', '.gitignore', 'BUILD', 'CMakeLists.txt', 'CONTRIBUTING.md', 'LICENSE', 'MANIFEST.in', 'README.md', 'WORKSPACE', 'dev', 'doc', 'file_lists', 'glue', 'package.json', 'puppeteer_run_tests.js', 'pyproject.toml', 'setup.py', 'src', 'testdata']"
quantumlib/OpenFermion-FQE,38,38,21,"['quantum-computing', 'quantum-chemistry', 'quantum-chemistry-simulation', 'quantum-circuit-simulator']",8,395,"['cla: no', 'cla: yes']","['.coveragerc', '.github', '.gitignore', 'CONTRIBUTING.md', 'LICENSE', 'MANIFEST.in', 'README.md', 'dev', 'docs', 'profiling', 'pyproject.toml', 'requirements.txt', 'rtd_docs', 'setup.py', 'src', 'tests']"
quantumlib/unitary,13,13,13,[],16,402,['chess'],"['.github', '.gitignore', '.vscode', '.zenodo.json', 'CODE_OF_CONDUCT.md', 'CONTRIBUTING.md', 'LICENSE', 'MANIFEST.in', 'README.md', 'dev_tools', 'docs', 'requirements.txt', 'setup.cfg', 'setup.py', 'unitary']"
quantumlib/OpenFermion,1312,1312,342,"['quantum-computing', 'quantum-chemistry', 'quantum-algorithms', 'quantum-programming-language', 'electronic-structure']",68,524,"['announcement', 'BREAKING CHANGE', 'cla: no', 'cla: yes', 'dependency bug', 'feature request', 'feedback wanted', 'large project', 'not our fault', 'possible bug', 'priority: URGENT', ""somebody's on it"", 'waiting on other issue']","['.github', '.gitignore', 'AUTHORS', 'LICENSE', 'MANIFEST.in', 'NOTICE', 'README.rst', 'check', 'cloud_library', 'dev_tools', 'docker', 'docs', 'requirements.txt', 'rtd_docs', 'setup.py', 'src']"
quantumlib/qsim,322,322,113,"['quantum-computing', 'quantum-simulator', 'nisq', 'quantum-circuit-simulator']",41,1506,"['cla: no', 'cla: yes', 'kokoro:run', 'qsimcirq']","['.bazelrc', '.github', '.gitignore', '.gitmodules', '.zenodo.json', 'CMakeLists.txt', 'CONTRIBUTING.md', 'Dockerfile', 'LICENSE', 'MANIFEST.in', 'Makefile', 'README.md', 'WORKSPACE', 'apps', 'build_tools', 'check', 'circuits', 'dev-requirements.txt', 'docker-compose.yml', 'docs', 'install', 'jupyter', 'lib', 'pybind_interface', 'qsimcirq', 'qsimcirq_tests', 'requirements.txt', 'setup.py', 'tests']"
quantumlib/OpenFermion-PySCF,87,87,42,"['quantum-computing', 'quantum-chemistry', 'quantum-algorithms', 'quantum-programming-language', 'electronic-structure']",10,51,[],"['.github', '.gitignore', 'LICENSE', 'MANIFEST.in', 'NOTICE', 'README.rst', 'dev_tools', 'examples', 'openfermionpyscf', 'requirements.txt', 'setup.py']"
microsoft/qsharp-compiler,615,615,161,"['qsharp', 'qdk', 'quantum', 'quantum-development-kit', 'hacktoberfest']",168,668,"['area: code gen (C#)', 'area: code gen (QIR)', 'area: diagnostics', 'area: docs generation', 'area: editor', 'area: formatter', 'area: language', 'area: SDK', 'area: type system', 'feature', 'Hacktoberfest', 'maintenance', 'needs API review', 'needs info', 'needs triage', 'performance', 'resolved: by design', 'resolved: no action', 'status: blocked', 'status: deferred', 'tracking', 'unitaryhack']","['.config', '.devcontainer', '.editorconfig', '.github', '.gitignore', '.gitmodules', '.sscignore', '.vscode', 'CONTRIBUTING.md', 'LICENSE.txt', 'NOTICE.txt', 'NuGet.config', 'PRIVACY.md', 'QsCompiler.sln', 'QsFmt.sln', 'README.md', 'SECURITY.md', 'VisualStudioExtension.sln', 'bootstrap.ps1', 'build', 'examples', 'fsharplint.json', 'global.json', 'llvm-build', 'omnisharp.json', 'qsharp-language', 'src']"
microsoft/qsharp-runtime,255,255,91,"['qsharp', 'qdk', 'quantum', 'quantum-development-kit']",159,571,"['area: C# runtime', 'area: QIR', 'area: target machines', 'dependencies', 'Implementation', 'Kind-Bug', 'Kind-Question', 'maintenance', 'needs info', 'needs triage', 'Pkg-Standard', 'resolved: by design', 'tracking']","['.cargo', '.devcontainer', '.gitattributes', '.github', '.gitignore', '.pre-commit-config.yaml', '.sscignore', 'AdvantageBenchmark', 'CONTRIBUTING.md', 'Cargo.toml', 'LICENSE', 'NOTICE.txt', 'NuGet.Config', 'README.md', 'SECURITY.md', 'Simulation.sln', 'bootstrap.ps1', 'build', 'cspell.json', 'documentation', 'global.json', 'omnisharp.json', 'rust-toolchain', 'src']"
microsoft/qsharp-language,141,141,48,[],41,111,"['ApprovedInPrinciple', 'area: language', 'Declined', 'Documentation', 'Duplicate', 'Implementation', 'OnHold', 'QIR', 'Question', 'Released', 'status: deferred', 'UnderReview']","['.github', '.gitignore', 'Approved', 'CITATIONS.bib', 'CODE_OF_CONDUCT.md', 'CoreLibraries', 'Declined', 'FAQ.md', 'Guidelines.md', 'Implemented', 'LICENSE.txt', 'README.md', 'SECURITY.md', 'Specifications', 'Templates']"
microsoft/Quantum,3617,3617,895,"['quantum-development-kit', 'quantum', 'qdk', 'quantum-computing', 'qsharp', 'python']",47,556,"['Area-Build', 'Area-Compiler', 'Area-Jupyter', 'Area-Language', 'Area-Samples', 'Area-TargetMachines', 'dependencies', 'Hacktoberfest', 'javascript', 'Kind-Bug', 'Kind-Enhancement', 'Kind-Maintenance', 'Resolution-Done', 'Resolution-Duplicate', 'Resolution-Invalid', 'Resolution-Question', 'Resolution-WontFix', 'Status-NeedMoreInfo', 'tracking']","['.devcontainer', '.editorconfig', '.gitattributes', '.github', '.gitignore', '.markdownlint.yaml', '.pre-commit-config.yaml', '.sscignore', '.vscode', 'Build', 'CONTRIBUTING.md', 'Chemistry', 'Dockerfile', 'LICENSE.txt', 'NuGet.config', 'README.md', 'binder-index.md', 'build.yml', 'cspell.json', 'docs', 'global.json', 'samples', 'utilities']"
microsoft/QuantumKatas,4053,4053,1122,"['quantum-computing', 'qsharp', 'coding-kata', 'hacktoberfest', 'quantum-programming', 'tutorials', 'tutorial-exercises']",28,567,"['Hacktoberfest', 'hacktoberfest-accepted', 'on hold', 'tracking']","['.gitattributes', '.github', '.gitignore', '.sscignore', 'BasicGates', 'BoundedKnapsack', 'CHSHGame', 'DeutschJozsaAlgorithm', 'DistinguishUnitaries', 'Dockerfile', 'GHZGame', 'GraphColoring', 'GroversAlgorithm', 'JointMeasurements', 'KeyDistribution_BB84', 'LICENSE', 'MagicSquareGame', 'Measurements', 'NOTICE.txt', 'NuGet.config', 'PhaseEstimation', 'QEC_BitFlipCode', 'QFT', 'README.md', 'RippleCarryAdder', 'SECURITY.md', 'SimonsAlgorithm', 'SolveSATWithGrover', 'SuperdenseCoding', 'Superposition', 'Teleportation', 'TruthTables', 'UnitaryPatterns', 'azure-pipelines.yml', 'global.json', 'index.ipynb', 'quickref', 'requirements.txt', 'scripts', 'tutorials', 'utilities']"
microsoft/QuantumLibraries,484,484,170,"['qsharp', 'qdk', 'quantum', 'quantum-development-kit', 'quantum-computing', 'hacktoberfest']",61,520,"['Area-API', 'Area-Documentation', 'Area-Interoperability', 'Area-Testing', 'automerge', 'Hacktoberfest', 'Hacktoberfest-Accepted', 'Kind-Bug', 'Kind-Discussion', 'Kind-Enhancement', 'Kind-Question', 'needs triage', 'Pkg-Chemistry', 'Pkg-Numerics', 'Pkg-QML', 'Pkg-Standard', 'Resolution-Done', 'Resolution-Duplicate', 'Resolution-Invalid', 'Resolution-WontFix', 'Status-Blocked', 'Status-ChildIssue', 'Status-NeedMoreInfo', 'Status-NeedsApiReview', 'tracking']","['.devcontainer', '.gitattributes', '.github', '.gitignore', '.pre-commit-config.yaml', '.sscignore', 'Build', 'CONTRIBUTING.md', 'Chemistry.sln', 'Chemistry', 'Design', 'Docs', 'LICENSE.txt', 'MachineLearning.sln', 'MachineLearning', 'Magic.sln', 'NOTICE.txt', 'NuGet.Config', 'Numerics.sln', 'Numerics', 'Python', 'README.md', 'SECURITY.md', 'Standard.sln', 'Standard', 'Visualization', 'build.yml', 'global.json', 'sync.cmd']"
microsoft/iqsharp,115,115,51,"['qsharp', 'qdk', 'quantum', 'jupyter', 'quantum-development-kit']",82,921,"['Area-Azure', 'Area-Build', 'Area-Client', 'Area-Container', 'Area-Documentation', 'Area-Install', 'Area-Kernel', 'Area-Python', 'dependencies', 'Hacktoberfest', 'javascript', 'Kind-Bug', 'Kind-Enhancement', 'Kind-Maintenance', 'python', 'Resolution-ByDesign', 'Resolution-Done', 'Resolution-Invalid', 'Resolution-Wontfix', 'Resolved-Duplicate', 'Status-NeedMoreInfo', 'Status-NeedsTriage', 'tracking']","['.github', '.gitignore', '.ionide', '.sscignore', '.vscode', 'CONTRIBUTING.md', 'LICENSE', 'NOTICE.txt', 'NuGet.Config', 'PRIVACY.md', 'README.md', 'SECURITY.md', 'acr', 'bootstrap.ps1', 'build', 'conda-recipes', 'global.json', 'images', 'iqsharp.sln', 'src', 'test-containers', 'tests.live']"
microsoft/Quantum-NC,182,182,79,"['quantum-development-kit', 'quantum', 'qdk', 'quantum-computing', 'qsharp', 'python']",1,191,[],"['.github', '.gitignore', '.sscignore', '.vscode', 'LICENSE', 'NuGet.Config', 'PULL_REQUEST_TEMPLATE.md', 'Quantum-NC.sln', 'README.md', 'SECURITY.md', 'Samples.sln', 'build.yml', 'build', 'global.json', 'samples', 'src']"
microsoft/qdk-python,71,71,58,"['quantum', 'azure', 'azure-sdk-for-python', 'python', 'hacktoberfest', 'hacktoberfest2021']",30,220,"['area:solutions', 'azure-quantum', 'breaking change', 'cirq', 'dependencies', 'Hacktoberfest', 'python', 'qiskit', 'tracking']","['.github', '.gitignore', 'CODE_OF_CONDUCT.md', 'CONTRIBUTING.md', 'Dockerfile', 'LICENSE', 'NOTICE', 'README.md', 'SECURITY.md', 'SUPPORT.md', 'azure-quantum', 'bootstrap.ps1', 'build', 'examples', 'qdk']"
microsoft/iqsharp,115,115,51,"['qsharp', 'qdk', 'quantum', 'jupyter', 'quantum-development-kit']",82,921,"['Area-Azure', 'Area-Build', 'Area-Client', 'Area-Container', 'Area-Documentation', 'Area-Install', 'Area-Kernel', 'Area-Python', 'dependencies', 'Hacktoberfest', 'javascript', 'Kind-Bug', 'Kind-Enhancement', 'Kind-Maintenance', 'python', 'Resolution-ByDesign', 'Resolution-Done', 'Resolution-Invalid', 'Resolution-Wontfix', 'Resolved-Duplicate', 'Status-NeedMoreInfo', 'Status-NeedsTriage', 'tracking']","['.github', '.gitignore', '.ionide', '.sscignore', '.vscode', 'CONTRIBUTING.md', 'LICENSE', 'NOTICE.txt', 'NuGet.Config', 'PRIVACY.md', 'README.md', 'SECURITY.md', 'acr', 'bootstrap.ps1', 'build', 'conda-recipes', 'global.json', 'images', 'iqsharp.sln', 'src', 'test-containers', 'tests.live']"
microsoft/nanotune,8,8,10,[],85,1239,"['dependencies', 'github_actions', 'python']","['.gitattributes', '.github', '.gitignore', '.pre-commit-config.yaml', 'CODE_OF_CONDUCT.md', 'LICENSE', 'MANIFEST.in', 'README.rst', 'SECURITY.md', 'SUPPORT.md', 'data', 'docs', 'docs_requirements.txt', 'environment.yml', 'nanotune', 'requirements.txt', 'setup.cfg', 'setup.py', 'sim', 'versioneer.py']"
microsoft/openvpn,12,12,12,[],0,2295,[],"['.gitattributes', '.gitignore', '.gitmodules', '.mailmap', '.svncommitters', '.travis.yml', '.travis', 'AUTHORS', 'CONTRIBUTING.rst', 'COPYING', 'COPYRIGHT.GPL', 'ChangeLog', 'Changes.rst', 'INSTALL', 'Makefile.am', 'NEWS', 'PORTS', 'README', 'README.IPv6', 'README.ec', 'README.mbedtls', 'README.md', 'SECURITY.md', 'TODO.IPv6', 'build', 'compat.m4', 'config-msvc-version.h.in', 'config-msvc.h', 'configure.ac', 'contrib', 'debug', 'dev-tools', 'distro', 'doc', 'include', 'm4', 'msvc-build.bat', 'msvc-dev.bat', 'msvc-env.bat', 'openvpn.sln', 'sample', 'src', 'tests', 'vendor', 'version.m4', 'version.sh.in']"
microsoft/openvpn-build,7,7,8,[],0,310,[],"['.appveyor.yml', '.gitignore', '.travis.yml', 'CONTRIBUTING.rst', 'README.md', 'README.rst', 'SECURITY.md', 'generic', 'msvc', 'windows-nsis']"
microsoft/PQCrypto-VPN,279,279,70,"['post-quantum', 'openvpn']",3,60,[],"['.gitattributes', '.gitignore', '.gitmodules', 'LICENSE', 'README.md', 'SECURITY.md', 'SUPPORT.md', 'ThirdPartyNotice.txt', 'openvpn', 'pqap']"
microsoft/grover-blocks,11,11,14,[],1,24,[],"['.gitignore', 'CODE_OF_CONDUCT.md', 'LICENSE', 'README.md', 'SECURITY.md', 'aes', 'lowmc', 'numbers', 'parallel_grover.py']"
microsoft/Quantum-Safe-OpenSSH,6,6,4,[],0,1,[],"['.gitignore', '.vscode', 'CODE_OF_CONDUCT.md', 'LICENSE', 'README.md', 'SECURITY.md', 'docs', 'liboqs', 'openssh', 'pqc-openssh.code-workspace']"
microsoft/QuantumEllipticCurves,23,23,9,[],0,12,[],"['.gitignore', '.vscode', 'CODE_OF_CONDUCT.md', 'LICENSE', 'MicrosoftQuantumCrypto', 'QuantumEllipticCurves.sln', 'README.md', 'ResourceEstimator', 'SECURITY.md']"
microsoft/PQCrypto-SIDH,304,304,100,[],14,243,[],"['.github', '.gitignore', 'CONTRIBUTING.md', 'KAT', 'LICENSE', 'Makefile', 'README.md', 'SECURITY.md', 'Visual Studio', 'src', 'tests']"
microsoft/qio-samples,39,39,40,[],2,161,[],"['.devcontainer', '.editorconfig', '.gitattributes', '.github', '.gitignore', 'CODE_OF_CONDUCT.md', 'Dockerfile', 'LICENSE', 'README.md', 'SECURITY.md', 'SUPPORT.md', 'samples']"
microsoft/PQCrypto-PatchforOpenSSH,14,14,13,[],0,9,[],"['.gitignore', 'LICENSE', 'README.md', 'SECURITY.md', 'build_instructions.txt', 'openssh-7.4p1-pqc.patch']"
microsoft/qTESLA-Library,10,10,10,[],0,100,[],"['.gitignore', 'LICENSE', 'README.md', 'SECURITY.md', 'provably_secure']"
microsoft/PQCrypto-SIKE,53,53,19,[],1,11,[],"['.gitignore', 'Additional_Implementations', 'KAT', 'LICENSE', 'Optimized_Implementation', 'README.md', 'SECURITY.md']"
microsoft/azure-quantum-tgp,11,11,2,[],0,15,['dependencies'],"['.devcontainer', '.gitattributes', '.github', '.gitignore', '.pre-commit-config.yaml', 'CITATION.cff', 'CODE_OF_CONDUCT.md', 'LICENSE', 'MANIFEST.in', 'README.md', 'SECURITY.md', 'SUPPORT.md', 'copyright_header.txt', 'data', 'ipynb_filter.py', 'notebooks', 'noxfile.py', 'requirements.txt', 'setup.cfg', 'setup.py', 'tgp']"
microsoft/quantum-viz.js,37,37,10,"['quantum-computing', 'quantum-algorithms', 'quantum', 'javascript', 'web', 'hacktoberfest']",18,119,"['Area-Kernel', 'dependencies', 'Hacktoberfest', 'hacktoberfest-accepted', 'Kind-Bug', 'qu-draggable', 'tracking']","['.eslintignore', '.eslintrc.js', '.gitattributes', '.github', '.gitignore', '.pre-commit-config.yaml', '.prettierrc.js', 'CONTRIBUTING.md', 'LICENSE.txt', 'README.md', 'SECURITY.md', '__tests__', 'example', 'jest.config.js', 'package.json', 'quantum-viz', 'src', 'tsconfig.json', 'webpack.config.js']"
microsoft/PQCrypto-LWEKE,96,96,37,[],0,145,[],"['.github', '.gitignore', 'CONTRIBUTING.md', 'KAT', 'LICENSE', 'Makefile', 'README.md', 'SECURITY.md', 'VisualStudio', 'python3', 'src', 'tests']"
